{
  "20eb2ece-19ca-4c82-ae7f-1142562b194b": {
    "fromVertex": {
      "vector": {
        "x": 0.20063792158594018,
        "y": -1.5714285714285716,
        "z": -1.22080165027724
      },
      "uuid": "1c311c43-4ab3-4299-a667-ce8b505f4ebe"
    },
    "toVertex": {
      "vector": {
        "x": -0.5570387131452129,
        "y": -1.8571428571428572,
        "z": 0.49064068341383027
      },
      "uuid": "23c080ae-b2ef-44d1-9f3c-e0913438e49c"
    }
  },
  "7c1ca07c-07cf-4377-962c-71392e8d1b31": {
    "fromVertex": {
      "vector": {
        "x": 0.753127815180872,
        "y": -1.2857142857142858,
        "z": 1.334067940365516
      },
      "uuid": "4f0ff8a3-9ee4-4a55-8a82-518d35a909d0"
    },
    "toVertex": {
      "vector": {
        "x": -0.5570387131452129,
        "y": -1.8571428571428572,
        "z": 0.49064068341383027
      },
      "uuid": "23c080ae-b2ef-44d1-9f3c-e0913438e49c"
    }
  },
  "c17456cc-bb19-483e-b110-98c32a610f3e": {
    "fromVertex": {
      "vector": {
        "x": -1.6691112808836583,
        "y": -1,
        "z": -0.462674326094406
      },
      "uuid": "d8ea85f8-48e8-48a1-9a58-331df4290be1"
    },
    "toVertex": {
      "vector": {
        "x": -0.5570387131452129,
        "y": -1.8571428571428572,
        "z": 0.49064068341383027
      },
      "uuid": "23c080ae-b2ef-44d1-9f3c-e0913438e49c"
    }
  },
  "64c03a34-c9c5-4c03-8860-e2ee796642d2": {
    "fromVertex": {
      "vector": {
        "x": -1.09096194470856,
        "y": -0.42857142857142877,
        "z": 1.6205334201459596
      },
      "uuid": "bb876f31-180a-4f1e-8e99-f12da6aeed5f"
    },
    "toVertex": {
      "vector": {
        "x": -0.5570387131452129,
        "y": -1.8571428571428572,
        "z": 0.49064068341383027
      },
      "uuid": "23c080ae-b2ef-44d1-9f3c-e0913438e49c"
    }
  },
  "0c4da8ed-4d2e-43a6-9788-61aa08d6ec90": {
    "fromVertex": {
      "vector": {
        "x": 1.8008934904203586,
        "y": -0.7142857142857144,
        "z": -0.4965667674431353
      },
      "uuid": "d36c039d-9787-4197-9473-7f964cbe2cd5"
    },
    "toVertex": {
      "vector": {
        "x": 0.20063792158594018,
        "y": -1.5714285714285716,
        "z": -1.22080165027724
      },
      "uuid": "1c311c43-4ab3-4299-a667-ce8b505f4ebe"
    }
  },
  "a1b9e0b7-59a9-4f32-8a75-2795af16d3c5": {
    "fromVertex": {
      "vector": {
        "x": -0.9054721322440938,
        "y": -0.14285714285714296,
        "z": -1.777557890608356
      },
      "uuid": "438a2a73-acd9-4f9e-954f-c175345dd08b"
    },
    "toVertex": {
      "vector": {
        "x": 0.20063792158594018,
        "y": -1.5714285714285716,
        "z": -1.22080165027724
      },
      "uuid": "1c311c43-4ab3-4299-a667-ce8b505f4ebe"
    }
  },
  "525b4070-bcf8-44b8-8395-ccdab8bc4f4e": {
    "fromVertex": {
      "vector": {
        "x": 1.7870981235667438,
        "y": 0.14285714285714285,
        "z": 0.886494294103982
      },
      "uuid": "1d4f6d0e-8fd2-44fc-a6b2-bcac764cc54b"
    },
    "toVertex": {
      "vector": {
        "x": 0.753127815180872,
        "y": -1.2857142857142858,
        "z": 1.334067940365516
      },
      "uuid": "4f0ff8a3-9ee4-4a55-8a82-518d35a909d0"
    }
  },
  "d9480fc4-8a1d-429d-b9ca-c526bd601b84": {
    "fromVertex": {
      "vector": {
        "x": -0.9054721322440938,
        "y": -0.14285714285714296,
        "z": -1.777557890608356
      },
      "uuid": "438a2a73-acd9-4f9e-954f-c175345dd08b"
    },
    "toVertex": {
      "vector": {
        "x": -1.6691112808836583,
        "y": -1,
        "z": -0.462674326094406
      },
      "uuid": "d8ea85f8-48e8-48a1-9a58-331df4290be1"
    }
  },
  "1282b2f5-21a5-413a-9095-d49887034a05": {
    "fromVertex": {
      "vector": {
        "x": -1.8288586660278543,
        "y": 0.42857142857142844,
        "z": 0.686733216254363
      },
      "uuid": "90dcae3f-80f4-4a5f-abd9-0d701a6ee67f"
    },
    "toVertex": {
      "vector": {
        "x": -1.6691112808836583,
        "y": -1,
        "z": -0.462674326094406
      },
      "uuid": "d8ea85f8-48e8-48a1-9a58-331df4290be1"
    }
  },
  "d01afdea-41dd-422e-aa3f-bc716eda60e9": {
    "fromVertex": {
      "vector": {
        "x": 1.7870981235667438,
        "y": 0.14285714285714285,
        "z": 0.886494294103982
      },
      "uuid": "1d4f6d0e-8fd2-44fc-a6b2-bcac764cc54b"
    },
    "toVertex": {
      "vector": {
        "x": 1.8008934904203586,
        "y": -0.7142857142857144,
        "z": -0.4965667674431353
      },
      "uuid": "d36c039d-9787-4197-9473-7f964cbe2cd5"
    }
  },
  "64b39629-ae45-465a-9222-e879dc3926de": {
    "fromVertex": {
      "vector": {
        "x": 1.558942715734792,
        "y": 0.714285714285714,
        "z": -1.0293170198849233
      },
      "uuid": "15f0a102-6d60-47f5-b2e6-9428844dafc9"
    },
    "toVertex": {
      "vector": {
        "x": 1.8008934904203586,
        "y": -0.7142857142857144,
        "z": -0.4965667674431353
      },
      "uuid": "d36c039d-9787-4197-9473-7f964cbe2cd5"
    }
  },
  "801026a5-b089-4f3d-b2da-4407b5e42b2b": {
    "fromVertex": {
      "vector": {
        "x": -1.8288586660278543,
        "y": 0.42857142857142844,
        "z": 0.686733216254363
      },
      "uuid": "90dcae3f-80f4-4a5f-abd9-0d701a6ee67f"
    },
    "toVertex": {
      "vector": {
        "x": -1.09096194470856,
        "y": -0.42857142857142877,
        "z": 1.6205334201459596
      },
      "uuid": "bb876f31-180a-4f1e-8e99-f12da6aeed5f"
    }
  },
  "8623f765-b053-4d6c-bc19-88712c0febbe": {
    "fromVertex": {
      "vector": {
        "x": -0.5985846497545845,
        "y": 0.9999999999999996,
        "z": 1.6253296333600094
      },
      "uuid": "9ac7b928-3d2c-478d-96bf-9bb9faa8af57"
    },
    "toVertex": {
      "vector": {
        "x": -1.09096194470856,
        "y": -0.42857142857142877,
        "z": 1.6205334201459596
      },
      "uuid": "bb876f31-180a-4f1e-8e99-f12da6aeed5f"
    }
  },
  "5f563548-ec0f-419d-b51d-7cbc5e982cd8": {
    "fromVertex": {
      "vector": {
        "x": -1.18012862006602,
        "y": 1.2857142857142856,
        "z": -0.9768496381794264
      },
      "uuid": "a6e11f54-542e-428c-8609-bc1e9a84701a"
    },
    "toVertex": {
      "vector": {
        "x": -0.9054721322440938,
        "y": -0.14285714285714296,
        "z": -1.777557890608356
      },
      "uuid": "438a2a73-acd9-4f9e-954f-c175345dd08b"
    }
  },
  "28e6ea84-6151-4261-97ed-6408d33dc3ef": {
    "fromVertex": {
      "vector": {
        "x": 1.1192204691305163,
        "y": 1.5714285714285712,
        "z": 0.5272170201892448
      },
      "uuid": "89b1f2c6-9e54-40a0-9c44-3d4d709afc61"
    },
    "toVertex": {
      "vector": {
        "x": 1.7870981235667438,
        "y": 0.14285714285714285,
        "z": 0.886494294103982
      },
      "uuid": "1d4f6d0e-8fd2-44fc-a6b2-bcac764cc54b"
    }
  },
  "47ac8915-d016-4d84-9653-99520614025e": {
    "fromVertex": {
      "vector": {
        "x": -0.5985846497545845,
        "y": 0.9999999999999996,
        "z": 1.6253296333600094
      },
      "uuid": "9ac7b928-3d2c-478d-96bf-9bb9faa8af57"
    },
    "toVertex": {
      "vector": {
        "x": -1.8288586660278543,
        "y": 0.42857142857142844,
        "z": 0.686733216254363
      },
      "uuid": "90dcae3f-80f4-4a5f-abd9-0d701a6ee67f"
    }
  },
  "d08cef5f-05d9-490b-a73d-6fa7a3cf50a3": {
    "fromVertex": {
      "vector": {
        "x": -1.18012862006602,
        "y": 1.2857142857142856,
        "z": -0.9768496381794264
      },
      "uuid": "a6e11f54-542e-428c-8609-bc1e9a84701a"
    },
    "toVertex": {
      "vector": {
        "x": -1.8288586660278543,
        "y": 0.42857142857142844,
        "z": 0.686733216254363
      },
      "uuid": "90dcae3f-80f4-4a5f-abd9-0d701a6ee67f"
    }
  },
  "17d70996-149c-4023-8cc4-51093584ab95": {
    "fromVertex": {
      "vector": {
        "x": 1.1192204691305163,
        "y": 1.5714285714285712,
        "z": 0.5272170201892448
      },
      "uuid": "89b1f2c6-9e54-40a0-9c44-3d4d709afc61"
    },